GND-ID,Wikidata-Entity,mentioned in
4032379-1,Q133331,https://pta.bbaw.de/text/d911a26f/urn:cts:pta:pta0001.pta014.pta-grc1:g7
4032379-1,Q133331,https://pta.bbaw.de/text/d911a26f/urn:cts:pta:pta0013.pta003.pta-deu1:g1
4032379-1,Q133331,https://pta.bbaw.de/text/d911a26f/urn:cts:pta:pta0013.pta003.pta-deu1:g2
4032379-1,Q133331,https://pta.bbaw.de/text/d911a26f/urn:cts:pta:pta0013.pta003.pta-grc1:g1
4032379-1,Q133331,https://pta.bbaw.de/text/d911a26f/urn:cts:pta:pta0013.pta003.pta-grc1:g2
4032379-1,Q133331,https://pta.bbaw.de/text/d911a26f/urn:cts:pta:pta0022.pta003.pta-grc1:g1
4032379-1,Q133331,https://pta.bbaw.de/text/d911a26f/urn:cts:pta:pta0022.pta003.pta-grc1:g10
4032379-1,Q133331,https://pta.bbaw.de/text/d911a26f/urn:cts:pta:pta0022.pta003.pta-grc1:g38
4032379-1,Q133331,https://pta.bbaw.de/text/d911a26f/urn:cts:pta:pta0022.pta003.pta-grc1:g46
4032379-1,Q133331,https://pta.bbaw.de/text/d911a26f/urn:cts:pta:pta0022.pta003.pta-grc1:g48
4032379-1,Q133331,https://pta.bbaw.de/text/d911a26f/urn:cts:pta:pta0022.pta003.pta-grc1:g49
4032379-1,Q133331,https://pta.bbaw.de/text/d911a26f/urn:cts:pta:pta0022.pta003.pta-grc1:g50
4032379-1,Q133331,https://pta.bbaw.de/text/d911a26f/urn:cts:pta:pta0022.pta003.pta-grc1:g53
4032379-1,Q133331,https://pta.bbaw.de/text/d911a26f/urn:cts:pta:pta0022.pta004.pta-grc1:g1
,Q1194032,https://pta.bbaw.de/text/d911a26f/urn:cts:pta:pta0001.pta019.pta-grc1:g27
,Q1194032,https://pta.bbaw.de/text/d911a26f/urn:cts:pta:pta0001.pta055.pta-grc1:g16
,Q1194032,https://pta.bbaw.de/text/d911a26f/urn:cts:pta:pta0013.pta003.pta-grc1:g3
,Q1194032,https://pta.bbaw.de/text/d911a26f/urn:cts:pta:pta0022.pta014.pta-grc1:g7
,Q83922,https://pta.bbaw.de/text/d911a26f/urn:cts:pta:pta0001.pta004.pta-grc1:g5
,Q83922,https://pta.bbaw.de/text/d911a26f/urn:cts:pta:pta0001.pta004.pta-grc1:g8
,Q83922,https://pta.bbaw.de/text/d911a26f/urn:cts:pta:pta0001.pta004.pta-grc1:g11
,Q83922,https://pta.bbaw.de/text/d911a26f/urn:cts:pta:pta0001.pta004.pta-grc1:g12
,Q83922,https://pta.bbaw.de/text/d911a26f/urn:cts:pta:pta0001.pta004.pta-grc1:g13
,Q83922,https://pta.bbaw.de/text/d911a26f/urn:cts:pta:pta0001.pta005.pta-grc1:g13
,Q83922,https://pta.bbaw.de/text/d911a26f/urn:cts:pta:pta0001.pta019.pta-grc1:g26
,Q83922,https://pta.bbaw.de/text/d911a26f/urn:cts:pta:pta0001.pta055.pta-grc1:g15
,Q83922,https://pta.bbaw.de/text/d911a26f/urn:cts:pta:pta0013.pta003.pta-grc1:g4
,Q83922,https://pta.bbaw.de/text/d911a26f/urn:cts:pta:pta0013.pta003.pta-grc1:g6
,Q83922,https://pta.bbaw.de/text/d911a26f/urn:cts:pta:pta0022.pta003.pta-grc1:g3
,Q83922,https://pta.bbaw.de/text/d911a26f/urn:cts:pta:pta0022.pta003.pta-grc1:g7
,Q83922,https://pta.bbaw.de/text/d911a26f/urn:cts:pta:pta0022.pta003.pta-grc1:g13
,Q83922,https://pta.bbaw.de/text/d911a26f/urn:cts:pta:pta0022.pta003.pta-grc1:g19
,Q83922,https://pta.bbaw.de/text/d911a26f/urn:cts:pta:pta0022.pta003.pta-grc1:g23
,Q83922,https://pta.bbaw.de/text/d911a26f/urn:cts:pta:pta0022.pta003.pta-grc1:g30
,Q83922,https://pta.bbaw.de/text/d911a26f/urn:cts:pta:pta0022.pta003.pta-grc1:g36
,Q83922,https://pta.bbaw.de/text/d911a26f/urn:cts:pta:pta0022.pta003.pta-grc1:g37
,Q83922,https://pta.bbaw.de/text/d911a26f/urn:cts:pta:pta0022.pta003.pta-grc1:g39
,Q83922,https://pta.bbaw.de/text/d911a26f/urn:cts:pta:pta0022.pta003.pta-grc1:g40
,Q83922,https://pta.bbaw.de/text/d911a26f/urn:cts:pta:pta0022.pta003.pta-grc1:g41
,Q83922,https://pta.bbaw.de/text/d911a26f/urn:cts:pta:pta0022.pta003.pta-grc1:g42
,Q83922,https://pta.bbaw.de/text/d911a26f/urn:cts:pta:pta0022.pta003.pta-grc1:g54
,Q83922,https://pta.bbaw.de/text/d911a26f/urn:cts:pta:pta0022.pta003.pta-grc1:g57
,Q83922,https://pta.bbaw.de/text/d911a26f/urn:cts:pta:pta0022.pta004.pta-grc1:g2
,Q83922,https://pta.bbaw.de/text/d911a26f/urn:cts:pta:pta0022.pta004.pta-grc1:g3
,Q83922,https://pta.bbaw.de/text/d911a26f/urn:cts:pta:pta0022.pta004.pta-grc1:g15
,Q83922,https://pta.bbaw.de/text/d911a26f/urn:cts:pta:pta0022.pta004.pta-grc1:g16
,Q83922,https://pta.bbaw.de/text/d911a26f/urn:cts:pta:pta0022.pta004.pta-grc1:g17
,Q83922,https://pta.bbaw.de/text/d911a26f/urn:cts:pta:pta0022.pta004.pta-grc1:g18
,Q83922,https://pta.bbaw.de/text/d911a26f/urn:cts:pta:pta0022.pta004.pta-grc1:g20
,Q83922,https://pta.bbaw.de/text/d911a26f/urn:cts:pta:pta0022.pta004.pta-grc1:g22
,Q83922,https://pta.bbaw.de/text/d911a26f/urn:cts:pta:pta0022.pta004.pta-grc1:g23
,Q83922,https://pta.bbaw.de/text/d911a26f/urn:cts:pta:pta0022.pta010.pta-grc1:g1
,Q83922,https://pta.bbaw.de/text/d911a26f/urn:cts:pta:pta0022.pta010.pta-grc1:g2
,Q83922,https://pta.bbaw.de/text/d911a26f/urn:cts:pta:pta0022.pta010.pta-grc1:g5
,Q83922,https://pta.bbaw.de/text/d911a26f/urn:cts:pta:pta0022.pta010.pta-grc1:g6
,Q83922,https://pta.bbaw.de/text/d911a26f/urn:cts:pta:pta0022.pta010.pta-grc1:g7
,Q83922,https://pta.bbaw.de/text/d911a26f/urn:cts:pta:pta0022.pta010.pta-grc1:g8
,Q83922,https://pta.bbaw.de/text/d911a26f/urn:cts:pta:pta0022.pta010.pta-grc1:g11
,Q83922,https://pta.bbaw.de/text/d911a26f/urn:cts:pta:pta0022.pta010.pta-grc1:g14
,Q83922,https://pta.bbaw.de/text/d911a26f/urn:cts:pta:pta0022.pta010.pta-grc1:g17
,Q83922,https://pta.bbaw.de/text/d911a26f/urn:cts:pta:pta0022.pta010.pta-grc1:g19
,Q83922,https://pta.bbaw.de/text/d911a26f/urn:cts:pta:pta0022.pta010.pta-grc1:g20
,Q83922,https://pta.bbaw.de/text/d911a26f/urn:cts:pta:pta0022.pta014.pta-grc1:g1
,Q83922,https://pta.bbaw.de/text/d911a26f/urn:cts:pta:pta0022.pta014.pta-grc1:g2
,Q83922,https://pta.bbaw.de/text/d911a26f/urn:cts:pta:pta0022.pta014.pta-grc1:g6
,Q83922,https://pta.bbaw.de/text/d911a26f/urn:cts:pta:pta0022.pta015.pta-grc1:g2
,Q83922,https://pta.bbaw.de/text/d911a26f/urn:cts:pta:pta0022.pta015.pta-grc1:g3
,Q83922,https://pta.bbaw.de/text/d911a26f/urn:cts:pta:pta0022.pta015.pta-grc1:g5
,Q83922,https://pta.bbaw.de/text/d911a26f/urn:cts:pta:pta0022.pta015.pta-grc1:g7
,Q83922,https://pta.bbaw.de/text/d911a26f/urn:cts:pta:pta0022.pta015.pta-grc1:g12
,Q83922,https://pta.bbaw.de/text/d911a26f/urn:cts:pta:pta0022.pta016.pta-grc1:g1
,Q83922,https://pta.bbaw.de/text/d911a26f/urn:cts:pta:pta0022.pta017.pta-grc1:g1
,Q83922,https://pta.bbaw.de/text/d911a26f/urn:cts:pta:pta0022.pta017.pta-grc1:g2
,Q83922,https://pta.bbaw.de/text/d911a26f/urn:cts:pta:pta0022.pta017.pta-grc1:g4
,Q83922,https://pta.bbaw.de/text/d911a26f/urn:cts:pta:pta0022.pta017.pta-grc1:g5
,Q83922,https://pta.bbaw.de/text/d911a26f/urn:cts:pta:pta0022.pta017.pta-grc1:g6
,Q83922,https://pta.bbaw.de/text/d911a26f/urn:cts:pta:pta0022.pta017.pta-grc1:g7
,Q83922,https://pta.bbaw.de/text/d911a26f/urn:cts:pta:pta0022.pta017.pta-grc1:g8
,Q83922,https://pta.bbaw.de/text/d911a26f/urn:cts:pta:pta0022.pta017.pta-grc1:g9
,Q83922,https://pta.bbaw.de/text/d911a26f/urn:cts:pta:pta0022.pta017.pta-grc1:g10
,Q83922,https://pta.bbaw.de/text/d911a26f/urn:cts:pta:pta0022.pta017.pta-grc1:g11
,Q83922,https://pta.bbaw.de/text/d911a26f/urn:cts:pta:pta0022.pta017.pta-grc1:g12
,Q83922,https://pta.bbaw.de/text/d911a26f/urn:cts:pta:pta0022.pta017.pta-grc1:g13
,Q83922,https://pta.bbaw.de/text/d911a26f/urn:cts:pta:pta0022.pta017.pta-grc1:g14
,Q83922,https://pta.bbaw.de/text/d911a26f/urn:cts:pta:pta0022.pta017.pta-grc1:g15
,Q83922,https://pta.bbaw.de/text/d911a26f/urn:cts:pta:pta0022.pta017.pta-grc1:g17
,Q83922,https://pta.bbaw.de/text/d911a26f/urn:cts:pta:pta0036.pta001.pta-grc1:g110
,Q83922,https://pta.bbaw.de/text/d911a26f/urn:cts:pta:pta0036.pta001.pta-grc1:g133
,Q83922,https://pta.bbaw.de/text/d911a26f/urn:cts:pta:pta0036.pta001.pta-grc1:g134
,Q83922,https://pta.bbaw.de/text/d911a26f/urn:cts:pta:pta0036.pta001.pta-grc1:g179
,Q83922,https://pta.bbaw.de/text/d911a26f/urn:cts:pta:pta0036.pta001.pta-grc1:g180
,Q83922,https://pta.bbaw.de/text/d911a26f/urn:cts:pta:pta0036.pta001.pta-grc1:g184
,Q83922,https://pta.bbaw.de/text/d911a26f/urn:cts:pta:pta0036.pta001.pta-grc1:g194
,Q83922,https://pta.bbaw.de/text/d911a26f/urn:cts:pta:pta0100.pta007.pta-grc1:g1
,Q398180,https://pta.bbaw.de/text/d911a26f/urn:cts:pta:pta0001.pta003.pta-grc1:g11
,Q398180,https://pta.bbaw.de/text/d911a26f/urn:cts:pta:pta0001.pta004.pta-grc1:g6
,Q398180,https://pta.bbaw.de/text/d911a26f/urn:cts:pta:pta0001.pta004.pta-grc1:g7
,Q398180,https://pta.bbaw.de/text/d911a26f/urn:cts:pta:pta0001.pta004.pta-grc1:g9
,Q398180,https://pta.bbaw.de/text/d911a26f/urn:cts:pta:pta0001.pta004.pta-grc1:g10
,Q398180,https://pta.bbaw.de/text/d911a26f/urn:cts:pta:pta0001.pta004.pta-grc1:g14
,Q398180,https://pta.bbaw.de/text/d911a26f/urn:cts:pta:pta0001.pta004.pta-grc1:g15
,Q398180,https://pta.bbaw.de/text/d911a26f/urn:cts:pta:pta0013.pta003.pta-grc1:g5
,Q1293300,https://pta.bbaw.de/text/d911a26f/urn:cts:pta:pta0003.pta009.pta-grc1:g18
,Q1293300,https://pta.bbaw.de/text/d911a26f/urn:cts:pta:pta0003.pta009.pta-grc1:g32
,Q1293300,https://pta.bbaw.de/text/d911a26f/urn:cts:pta:pta0022.pta003.pta-grc1:g31
,Q1293300,https://pta.bbaw.de/text/d911a26f/urn:cts:pta:pta0022.pta003.pta-grc1:g32
,Q1293300,https://pta.bbaw.de/text/d911a26f/urn:cts:pta:pta0022.pta004.pta-grc1:g13
,Q1293300,https://pta.bbaw.de/text/d911a26f/urn:cts:pta:pta0022.pta004.pta-grc1:g14
,Q1293300,https://pta.bbaw.de/text/d911a26f/urn:cts:pta:pta0022.pta004.pta-grc1:g21
4002455-6,Q43412,https://pta.bbaw.de/text/d911a26f/urn:cts:pta:pta0001.pta001.pta-grcBibex:g1
4002455-6,Q43412,https://pta.bbaw.de/text/d911a26f/urn:cts:pta:pta0001.pta001.pta-grcBibex:g5
4002455-6,Q43412,https://pta.bbaw.de/text/d911a26f/urn:cts:pta:pta0001.pta001.pta-grcBibex:g6
4002455-6,Q43412,https://pta.bbaw.de/text/d911a26f/urn:cts:pta:pta0001.pta001.pta-grcBibex:g7
4002455-6,Q43412,https://pta.bbaw.de/text/d911a26f/urn:cts:pta:pta0001.pta001.pta-grcBibex:g8
4002455-6,Q43412,https://pta.bbaw.de/text/d911a26f/urn:cts:pta:pta0001.pta001.pta-grcBibex:g9
4002455-6,Q43412,https://pta.bbaw.de/text/d911a26f/urn:cts:pta:pta0001.pta001.pta-grcBibex:g10
4002455-6,Q43412,https://pta.bbaw.de/text/d911a26f/urn:cts:pta:pta0001.pta001.pta-grcBibex:g11
4002455-6,Q43412,https://pta.bbaw.de/text/d911a26f/urn:cts:pta:pta0001.pta001.pta-grcBibex:g12
4002455-6,Q43412,https://pta.bbaw.de/text/d911a26f/urn:cts:pta:pta0001.pta001.pta-grcBibex:g13
4002455-6,Q43412,https://pta.bbaw.de/text/d911a26f/urn:cts:pta:pta0001.pta001.pta-grcBibex:g14
4002455-6,Q43412,https://pta.bbaw.de/text/d911a26f/urn:cts:pta:pta0001.pta001.pta-grcBibex:g15
4002455-6,Q43412,https://pta.bbaw.de/text/d911a26f/urn:cts:pta:pta0001.pta001.pta-grcBibex:g16
4002455-6,Q43412,https://pta.bbaw.de/text/d911a26f/urn:cts:pta:pta0001.pta031.pta-grc1:g12
4002455-6,Q43412,https://pta.bbaw.de/text/d911a26f/urn:cts:pta:pta0001.pta034.pta-grc1:g19
4002455-6,Q43412,https://pta.bbaw.de/text/d911a26f/urn:cts:pta:pta0001.pta034.pta-grc1:g40
4002455-6,Q43412,https://pta.bbaw.de/text/d911a26f/urn:cts:pta:pta0001.pta037.pta-grc1:g40
4002455-6,Q43412,https://pta.bbaw.de/text/d911a26f/urn:cts:pta:pta0001.pta041.pta-grc1:g7
4002455-6,Q43412,https://pta.bbaw.de/text/d911a26f/urn:cts:pta:pta0001.pta041.pta-grc1:g8
4002455-6,Q43412,https://pta.bbaw.de/text/d911a26f/urn:cts:pta:pta0001.pta041.pta-grc1:g11
4002455-6,Q43412,https://pta.bbaw.de/text/d911a26f/urn:cts:pta:pta0001.pta041.pta-grc1:g18
4002455-6,Q43412,https://pta.bbaw.de/text/d911a26f/urn:cts:pta:pta0001.pta042.pta-grc1:g2
4002455-6,Q43412,https://pta.bbaw.de/text/d911a26f/urn:cts:pta:pta0001.pta042.pta-grc1:g24
4002455-6,Q43412,https://pta.bbaw.de/text/d911a26f/urn:cts:pta:pta0001.pta042.pta-grc1:g28
4002455-6,Q43412,https://pta.bbaw.de/text/d911a26f/urn:cts:pta:pta0001.pta042.pta-grc1:g34
4002455-6,Q43412,https://pta.bbaw.de/text/d911a26f/urn:cts:pta:pta0001.pta042.pta-grc1:g37
4002455-6,Q43412,https://pta.bbaw.de/text/d911a26f/urn:cts:pta:pta0001.pta042.pta-grc1:g38
4002455-6,Q43412,https://pta.bbaw.de/text/d911a26f/urn:cts:pta:pta0001.pta042.pta-grc1:g41
4002455-6,Q43412,https://pta.bbaw.de/text/d911a26f/urn:cts:pta:pta0001.pta042.pta-grc1:g43
4002455-6,Q43412,https://pta.bbaw.de/text/d911a26f/urn:cts:pta:pta0001.pta042.pta-grc1:g44
4002455-6,Q43412,https://pta.bbaw.de/text/d911a26f/urn:cts:pta:pta0001.pta042.pta-grc1:g47
4002455-6,Q43412,https://pta.bbaw.de/text/d911a26f/urn:cts:pta:pta0001.pta042.pta-grc1:g48
4002455-6,Q43412,https://pta.bbaw.de/text/d911a26f/urn:cts:pta:pta0001.pta042.pta-grc1:g49
4002455-6,Q43412,https://pta.bbaw.de/text/d911a26f/urn:cts:pta:pta0001.pta042.pta-grc1:g51
4002455-6,Q43412,https://pta.bbaw.de/text/d911a26f/urn:cts:pta:pta0001.pta042.pta-grc1:g52
4002455-6,Q43412,https://pta.bbaw.de/text/d911a26f/urn:cts:pta:pta0001.pta042.pta-grc1:g53
4002455-6,Q43412,https://pta.bbaw.de/text/d911a26f/urn:cts:pta:pta0001.pta042.pta-grc1:g56
4002455-6,Q43412,https://pta.bbaw.de/text/d911a26f/urn:cts:pta:pta0001.pta042.pta-grc1:g57
4002455-6,Q43412,https://pta.bbaw.de/text/d911a26f/urn:cts:pta:pta0001.pta042.pta-grc1:g58
4002455-6,Q43412,https://pta.bbaw.de/text/d911a26f/urn:cts:pta:pta0001.pta042.pta-grc1:g61
4002455-6,Q43412,https://pta.bbaw.de/text/d911a26f/urn:cts:pta:pta0001.pta042.pta-grc1:g71
4002455-6,Q43412,https://pta.bbaw.de/text/d911a26f/urn:cts:pta:pta0001.pta042.pta-grc1:g72
4002455-6,Q43412,https://pta.bbaw.de/text/d911a26f/urn:cts:pta:pta0001.pta042.pta-grc1:g74
4002455-6,Q43412,https://pta.bbaw.de/text/d911a26f/urn:cts:pta:pta0001.pta042.pta-grc1:g75
4002455-6,Q43412,https://pta.bbaw.de/text/d911a26f/urn:cts:pta:pta0001.pta042.pta-grc1:g76
4002455-6,Q43412,https://pta.bbaw.de/text/d911a26f/urn:cts:pta:pta0001.pta042.pta-grc1:g77
4002455-6,Q43412,https://pta.bbaw.de/text/d911a26f/urn:cts:pta:pta0001.pta042.pta-grc1:g80
4002455-6,Q43412,https://pta.bbaw.de/text/d911a26f/urn:cts:pta:pta0001.pta042.pta-grc1:g88
4002455-6,Q43412,https://pta.bbaw.de/text/d911a26f/urn:cts:pta:pta0001.pta042.pta-grc1:g90
4002455-6,Q43412,https://pta.bbaw.de/text/d911a26f/urn:cts:pta:pta0001.pta042.pta-grc1:g91
4002455-6,Q43412,https://pta.bbaw.de/text/d911a26f/urn:cts:pta:pta0001.pta042.pta-grc1:g92
4002455-6,Q43412,https://pta.bbaw.de/text/d911a26f/urn:cts:pta:pta0001.pta042.pta-grc1:g93
4002455-6,Q43412,https://pta.bbaw.de/text/d911a26f/urn:cts:pta:pta0001.pta047.pta-grc1:g2
4002455-6,Q43412,https://pta.bbaw.de/text/d911a26f/urn:cts:pta:pta0001.pta047.pta-grc1:g3
4002455-6,Q43412,https://pta.bbaw.de/text/d911a26f/urn:cts:pta:pta0001.pta047.pta-grc1:g4
4002455-6,Q43412,https://pta.bbaw.de/text/d911a26f/urn:cts:pta:pta0001.pta047.pta-grc1:g5
4002455-6,Q43412,https://pta.bbaw.de/text/d911a26f/urn:cts:pta:pta0001.pta047.pta-grc1:g6
4002455-6,Q43412,https://pta.bbaw.de/text/d911a26f/urn:cts:pta:pta0001.pta047.pta-grc1:g7
4002455-6,Q43412,https://pta.bbaw.de/text/d911a26f/urn:cts:pta:pta0001.pta047.pta-grc1:g8
4002455-6,Q43412,https://pta.bbaw.de/text/d911a26f/urn:cts:pta:pta0001.pta048.pta-grc1:g1
4002455-6,Q43412,https://pta.bbaw.de/text/d911a26f/urn:cts:pta:pta0001.pta048.pta-grc1:g2
4002455-6,Q43412,https://pta.bbaw.de/text/d911a26f/urn:cts:pta:pta0001.pta048.pta-grc1:g3
4002455-6,Q43412,https://pta.bbaw.de/text/d911a26f/urn:cts:pta:pta0003.pta020.pta-grcBibex3:g202
4002455-6,Q43412,https://pta.bbaw.de/text/d911a26f/urn:cts:pta:pta0041.pta001.pta-grc1:g1
4051468-7,Q182651,https://pta.bbaw.de/text/d911a26f/urn:cts:pta:pta0001.pta006.pta-grc1:g11
4051468-7,Q182651,https://pta.bbaw.de/text/d911a26f/urn:cts:pta:pta0001.pta018.pta-grc1:g3
4051468-7,Q182651,https://pta.bbaw.de/text/d911a26f/urn:cts:pta:pta0001.pta025.pta-grc1:g15
4084746-9,Q1061510,https://pta.bbaw.de/text/d911a26f/urn:cts:pta:pta0001.pta002.pta-grc1:g2
4084746-9,Q1061510,https://pta.bbaw.de/text/d911a26f/urn:cts:pta:pta0001.pta002.pta-grc1:g11
4084746-9,Q1061510,https://pta.bbaw.de/text/d911a26f/urn:cts:pta:pta0001.pta002.pta-grc1:g13
4084746-9,Q1061510,https://pta.bbaw.de/text/d911a26f/urn:cts:pta:pta0001.pta003.pta-grc1:g3
4084746-9,Q1061510,https://pta.bbaw.de/text/d911a26f/urn:cts:pta:pta0001.pta018.pta-grc1:g56
4084746-9,Q1061510,https://pta.bbaw.de/text/d911a26f/urn:cts:pta:pta0001.pta018.pta-grc1:g58
4084746-9,Q1061510,https://pta.bbaw.de/text/d911a26f/urn:cts:pta:pta0001.pta018.pta-grc1:g59
4084746-9,Q1061510,https://pta.bbaw.de/text/d911a26f/urn:cts:pta:pta0001.pta029.pta-grc1:g3
4084746-9,Q1061510,https://pta.bbaw.de/text/d911a26f/urn:cts:pta:pta0001.pta036.pta-grc1:g5
4084746-9,Q1061510,https://pta.bbaw.de/text/d911a26f/urn:cts:pta:pta0001.pta041.pta-grc1:g19
4084746-9,Q1061510,https://pta.bbaw.de/text/d911a26f/urn:cts:pta:pta0001.pta041.pta-grc1:g20
4084746-9,Q1061510,https://pta.bbaw.de/text/d911a26f/urn:cts:pta:pta0001.pta041.pta-grc1:g21
4084746-9,Q1061510,https://pta.bbaw.de/text/d911a26f/urn:cts:pta:pta0001.pta049.pta-grc1:g9
4084746-9,Q1061510,https://pta.bbaw.de/text/d911a26f/urn:cts:pta:pta0001.pta055.pta-grc1:g1
4084746-9,Q1061510,https://pta.bbaw.de/text/d911a26f/urn:cts:pta:pta0001.pta055.pta-grc1:g2
4084746-9,Q1061510,https://pta.bbaw.de/text/d911a26f/urn:cts:pta:pta0001.pta055.pta-grc1:g4
4084746-9,Q1061510,https://pta.bbaw.de/text/d911a26f/urn:cts:pta:pta0001.pta055.pta-grc1:g5
4084746-9,Q1061510,https://pta.bbaw.de/text/d911a26f/urn:cts:pta:pta0001.pta055.pta-grc1:g6
4084746-9,Q1061510,https://pta.bbaw.de/text/d911a26f/urn:cts:pta:pta0003.pta020.pta-grcBibex3:g6
4084746-9,Q1061510,https://pta.bbaw.de/text/d911a26f/urn:cts:pta:pta0003.pta020.pta-grcBibex3:g8
4084746-9,Q1061510,https://pta.bbaw.de/text/d911a26f/urn:cts:pta:pta0003.pta020.pta-grcBibex3:g19
4084746-9,Q1061510,https://pta.bbaw.de/text/d911a26f/urn:cts:pta:pta0003.pta020.pta-grcBibex3:g23
4084746-9,Q1061510,https://pta.bbaw.de/text/d911a26f/urn:cts:pta:pta0003.pta020.pta-grcBibex3:g25
4084746-9,Q1061510,https://pta.bbaw.de/text/d911a26f/urn:cts:pta:pta0003.pta020.pta-grcBibex3:g26
4084746-9,Q1061510,https://pta.bbaw.de/text/d911a26f/urn:cts:pta:pta0003.pta020.pta-grcBibex3:g27
4084746-9,Q1061510,https://pta.bbaw.de/text/d911a26f/urn:cts:pta:pta0003.pta020.pta-grcBibex3:g28
4084746-9,Q1061510,https://pta.bbaw.de/text/d911a26f/urn:cts:pta:pta0003.pta020.pta-grcBibex3:g29
4084746-9,Q1061510,https://pta.bbaw.de/text/d911a26f/urn:cts:pta:pta0003.pta020.pta-grcBibex3:g30
4084746-9,Q1061510,https://pta.bbaw.de/text/d911a26f/urn:cts:pta:pta0003.pta020.pta-grcBibex3:g31
4084746-9,Q1061510,https://pta.bbaw.de/text/d911a26f/urn:cts:pta:pta0003.pta020.pta-grcBibex3:g32
4084746-9,Q1061510,https://pta.bbaw.de/text/d911a26f/urn:cts:pta:pta0003.pta020.pta-grcBibex3:g34
4084746-9,Q1061510,https://pta.bbaw.de/text/d911a26f/urn:cts:pta:pta0003.pta020.pta-grcBibex3:g35
4084746-9,Q1061510,https://pta.bbaw.de/text/d911a26f/urn:cts:pta:pta0003.pta020.pta-grcBibex3:g36
4084746-9,Q1061510,https://pta.bbaw.de/text/d911a26f/urn:cts:pta:pta0003.pta020.pta-grcBibex3:g39
4084746-9,Q1061510,https://pta.bbaw.de/text/d911a26f/urn:cts:pta:pta0003.pta020.pta-grcBibex3:g40
4084746-9,Q1061510,https://pta.bbaw.de/text/d911a26f/urn:cts:pta:pta0003.pta020.pta-grcBibex3:g42
4084746-9,Q1061510,https://pta.bbaw.de/text/d911a26f/urn:cts:pta:pta0003.pta020.pta-grcBibex3:g43
4084746-9,Q1061510,https://pta.bbaw.de/text/d911a26f/urn:cts:pta:pta0003.pta020.pta-grcBibex3:g44
4084746-9,Q1061510,https://pta.bbaw.de/text/d911a26f/urn:cts:pta:pta0003.pta020.pta-grcBibex3:g134
4084746-9,Q1061510,https://pta.bbaw.de/text/d911a26f/urn:cts:pta:pta0003.pta020.pta-grcBibex3:g163
4084746-9,Q1061510,https://pta.bbaw.de/text/d911a26f/urn:cts:pta:pta0003.pta020.pta-grcBibex3:g164
4084746-9,Q1061510,https://pta.bbaw.de/text/d911a26f/urn:cts:pta:pta0003.pta020.pta-grcBibex3:g166
4084746-9,Q1061510,https://pta.bbaw.de/text/d911a26f/urn:cts:pta:pta0003.pta020.pta-grcBibex3:g168
4084746-9,Q1061510,https://pta.bbaw.de/text/d911a26f/urn:cts:pta:pta0003.pta020.pta-grcBibex3:g174
4084746-9,Q1061510,https://pta.bbaw.de/text/d911a26f/urn:cts:pta:pta0003.pta020.pta-grcBibex3:g176
4084746-9,Q1061510,https://pta.bbaw.de/text/d911a26f/urn:cts:pta:pta0003.pta020.pta-grcBibex3:g182
4084746-9,Q1061510,https://pta.bbaw.de/text/d911a26f/urn:cts:pta:pta0029.pta002.pta-grc1:g7
4084746-9,Q1061510,https://pta.bbaw.de/text/d911a26f/urn:cts:pta:pta0029.pta002.pta-grc1:g9
4084746-9,Q1061510,https://pta.bbaw.de/text/d911a26f/urn:cts:pta:pta0029.pta002.pta-grc2:g7
4084746-9,Q1061510,https://pta.bbaw.de/text/d911a26f/urn:cts:pta:pta0029.pta002.pta-grc2:g9
4084746-9,Q1061510,https://pta.bbaw.de/text/d911a26f/urn:cts:pta:pta0036.pta001.pta-grc1:g60
4084746-9,Q1061510,https://pta.bbaw.de/text/d911a26f/urn:cts:pta:pta0036.pta001.pta-grc1:g181
4084746-9,Q1061510,https://pta.bbaw.de/text/d911a26f/urn:cts:pta:pta0037.pta001.pta-grc1:g29
4084746-9,Q1061510,https://pta.bbaw.de/text/d911a26f/urn:cts:pta:pta0037.pta001.pta-grc1:g51
4122633-1,Q1651392,https://pta.bbaw.de/text/d911a26f/urn:cts:pta:pta0001.pta002.pta-grc1:g3
4122633-1,Q1651392,https://pta.bbaw.de/text/d911a26f/urn:cts:pta:pta0001.pta003.pta-grc1:g5
4122633-1,Q1651392,https://pta.bbaw.de/text/d911a26f/urn:cts:pta:pta0001.pta005.pta-grc1:g7
4122633-1,Q1651392,https://pta.bbaw.de/text/d911a26f/urn:cts:pta:pta0001.pta006.pta-grc1:g4
4122633-1,Q1651392,https://pta.bbaw.de/text/d911a26f/urn:cts:pta:pta0001.pta018.pta-grc1:g23
4122633-1,Q1651392,https://pta.bbaw.de/text/d911a26f/urn:cts:pta:pta0003.pta020.pta-grcBibex3:g49
4122633-1,Q1651392,https://pta.bbaw.de/text/d911a26f/urn:cts:pta:pta0003.pta020.pta-grcBibex3:g115
4122633-1,Q1651392,https://pta.bbaw.de/text/d911a26f/urn:cts:pta:pta0004.pta001.pta-grcBibex:g8
4122633-1,Q1651392,https://pta.bbaw.de/text/d911a26f/urn:cts:pta:pta0004.pta001.pta-grcBibex:g22
4122633-1,Q1651392,https://pta.bbaw.de/text/d911a26f/urn:cts:pta:pta0022.pta003.pta-grc1:g52
4122633-1,Q1651392,https://pta.bbaw.de/text/d911a26f/urn:cts:pta:pta0022.pta010.pta-grc1:g13
4122633-1,Q1651392,https://pta.bbaw.de/text/d911a26f/urn:cts:pta:pta0036.pta001.pta-grc1:g10
4122633-1,Q1651392,https://pta.bbaw.de/text/d911a26f/urn:cts:pta:pta0036.pta001.pta-grc1:g11
4122633-1,Q1651392,https://pta.bbaw.de/text/d911a26f/urn:cts:pta:pta0036.pta001.pta-grc1:g12
4122633-1,Q1651392,https://pta.bbaw.de/text/d911a26f/urn:cts:pta:pta0036.pta001.pta-grc1:g13
4122633-1,Q1651392,https://pta.bbaw.de/text/d911a26f/urn:cts:pta:pta0036.pta001.pta-grc1:g14
4122633-1,Q1651392,https://pta.bbaw.de/text/d911a26f/urn:cts:pta:pta0036.pta001.pta-grc1:g15
4122633-1,Q1651392,https://pta.bbaw.de/text/d911a26f/urn:cts:pta:pta0036.pta001.pta-grc1:g26
4122633-1,Q1651392,https://pta.bbaw.de/text/d911a26f/urn:cts:pta:pta0036.pta001.pta-grc1:g27
4122633-1,Q1651392,https://pta.bbaw.de/text/d911a26f/urn:cts:pta:pta0036.pta001.pta-grc1:g28
4122633-1,Q1651392,https://pta.bbaw.de/text/d911a26f/urn:cts:pta:pta0036.pta001.pta-grc1:g29
4122633-1,Q1651392,https://pta.bbaw.de/text/d911a26f/urn:cts:pta:pta0036.pta001.pta-grc1:g30
4122633-1,Q1651392,https://pta.bbaw.de/text/d911a26f/urn:cts:pta:pta0036.pta001.pta-grc1:g31
4122633-1,Q1651392,https://pta.bbaw.de/text/d911a26f/urn:cts:pta:pta0036.pta001.pta-grc1:g46
4122633-1,Q1651392,https://pta.bbaw.de/text/d911a26f/urn:cts:pta:pta0036.pta001.pta-grc1:g80
4122633-1,Q1651392,https://pta.bbaw.de/text/d911a26f/urn:cts:pta:pta0036.pta001.pta-grc1:g87
4122633-1,Q1651392,https://pta.bbaw.de/text/d911a26f/urn:cts:pta:pta0036.pta001.pta-grc1:g117
4122633-1,Q1651392,https://pta.bbaw.de/text/d911a26f/urn:cts:pta:pta0036.pta001.pta-grc1:g125
4122633-1,Q1651392,https://pta.bbaw.de/text/d911a26f/urn:cts:pta:pta0036.pta001.pta-grc1:g136
4122633-1,Q1651392,https://pta.bbaw.de/text/d911a26f/urn:cts:pta:pta0036.pta001.pta-grc1:g138
4122633-1,Q1651392,https://pta.bbaw.de/text/d911a26f/urn:cts:pta:pta0036.pta001.pta-grc1:g144
4122633-1,Q1651392,https://pta.bbaw.de/text/d911a26f/urn:cts:pta:pta0036.pta001.pta-grc1:g147
4122633-1,Q1651392,https://pta.bbaw.de/text/d911a26f/urn:cts:pta:pta0036.pta001.pta-grc1:g149
4122633-1,Q1651392,https://pta.bbaw.de/text/d911a26f/urn:cts:pta:pta0036.pta001.pta-grc1:g159
4122633-1,Q1651392,https://pta.bbaw.de/text/d911a26f/urn:cts:pta:pta0036.pta001.pta-grc1:g170
4122633-1,Q1651392,https://pta.bbaw.de/text/d911a26f/urn:cts:pta:pta0037.pta001.pta-grc1:g34
4122633-1,Q1651392,https://pta.bbaw.de/text/d911a26f/urn:cts:pta:pta0037.pta001.pta-grc1:g113
4122633-1,Q1651392,https://pta.bbaw.de/text/d911a26f/urn:cts:pta:pta0037.pta001.pta-grc1:g117
4122633-1,Q1651392,https://pta.bbaw.de/text/d911a26f/urn:cts:pta:pta0037.pta001.pta-grc1:g122
4122633-1,Q1651392,https://pta.bbaw.de/text/d911a26f/urn:cts:pta:pta0037.pta001.pta-grc1:g123
4122633-1,Q1651392,https://pta.bbaw.de/text/d911a26f/urn:cts:pta:pta0037.pta001.pta-grc1:g125
4122633-1,Q1651392,https://pta.bbaw.de/text/d911a26f/urn:cts:pta:pta0037.pta001.pta-grc1:g126
4122633-1,Q1651392,https://pta.bbaw.de/text/d911a26f/urn:cts:pta:pta0037.pta001.pta-grc1:g169
4122633-1,Q1651392,https://pta.bbaw.de/text/d911a26f/urn:cts:pta:pta0037.pta001.pta-grc1:g170
4122633-1,Q1651392,https://pta.bbaw.de/text/d911a26f/urn:cts:pta:pta0041.pta001.pta-grc1:g3
,Q16707860,https://pta.bbaw.de/text/d911a26f/urn:cts:pta:pta0001.pta014.pta-grc1:g9
,Q16707860,https://pta.bbaw.de/text/d911a26f/urn:cts:pta:pta0001.pta038.pta-grc1:g1
,Q16707860,https://pta.bbaw.de/text/d911a26f/urn:cts:pta:pta0003.pta020.pta-grcBibex3:g110
,Q16707860,https://pta.bbaw.de/text/d911a26f/urn:cts:pta:pta0003.pta020.pta-grcBibex3:g111
,Q16707860,https://pta.bbaw.de/text/d911a26f/urn:cts:pta:pta0029.pta002.pta-deu1:g4
,Q16707860,https://pta.bbaw.de/text/d911a26f/urn:cts:pta:pta0029.pta002.pta-deu1:g5
,Q16707860,https://pta.bbaw.de/text/d911a26f/urn:cts:pta:pta0029.pta002.pta-deu1:g6
,Q16707860,https://pta.bbaw.de/text/d911a26f/urn:cts:pta:pta0029.pta002.pta-grc1:g4
,Q16707860,https://pta.bbaw.de/text/d911a26f/urn:cts:pta:pta0029.pta002.pta-grc1:g5
,Q16707860,https://pta.bbaw.de/text/d911a26f/urn:cts:pta:pta0029.pta002.pta-grc1:g6
,Q16707860,https://pta.bbaw.de/text/d911a26f/urn:cts:pta:pta0029.pta002.pta-grc2:g4
,Q16707860,https://pta.bbaw.de/text/d911a26f/urn:cts:pta:pta0029.pta002.pta-grc2:g5
,Q16707860,https://pta.bbaw.de/text/d911a26f/urn:cts:pta:pta0029.pta002.pta-grc2:g6
4010071-6,Q106039,https://pta.bbaw.de/text/d911a26f/urn:cts:pta:pta0001.pta004.pta-grc1:g2
4010071-6,Q106039,https://pta.bbaw.de/text/d911a26f/urn:cts:pta:pta0001.pta004.pta-grc1:g3
4010071-6,Q106039,https://pta.bbaw.de/text/d911a26f/urn:cts:pta:pta0001.pta014.pta-grc1:g12
4010071-6,Q106039,https://pta.bbaw.de/text/d911a26f/urn:cts:pta:pta0001.pta017.pta-grc1:g22
4010071-6,Q106039,https://pta.bbaw.de/text/d911a26f/urn:cts:pta:pta0001.pta018.pta-grc1:g18
4010071-6,Q106039,https://pta.bbaw.de/text/d911a26f/urn:cts:pta:pta0001.pta018.pta-grc1:g19
4010071-6,Q106039,https://pta.bbaw.de/text/d911a26f/urn:cts:pta:pta0001.pta019.pta-grc1:g8
4010071-6,Q106039,https://pta.bbaw.de/text/d911a26f/urn:cts:pta:pta0001.pta019.pta-grc1:g17
4010071-6,Q106039,https://pta.bbaw.de/text/d911a26f/urn:cts:pta:pta0001.pta024.pta-grc1:g9
4010071-6,Q106039,https://pta.bbaw.de/text/d911a26f/urn:cts:pta:pta0001.pta024.pta-grc1:g11
4010071-6,Q106039,https://pta.bbaw.de/text/d911a26f/urn:cts:pta:pta0001.pta040.pta-grc1:g3
4010071-6,Q106039,https://pta.bbaw.de/text/d911a26f/urn:cts:pta:pta0001.pta040.pta-grc1:g4
4010071-6,Q106039,https://pta.bbaw.de/text/d911a26f/urn:cts:pta:pta0001.pta040.pta-grc1:g27
4010071-6,Q106039,https://pta.bbaw.de/text/d911a26f/urn:cts:pta:pta0001.pta042.pta-grc1:g79
4010071-6,Q106039,https://pta.bbaw.de/text/d911a26f/urn:cts:pta:pta0001.pta047.pta-grc1:g1
4010071-6,Q106039,https://pta.bbaw.de/text/d911a26f/urn:cts:pta:pta0001.pta048.pta-grc1:g4
4010071-6,Q106039,https://pta.bbaw.de/text/d911a26f/urn:cts:pta:pta0003.pta009.pta-grc1:g1
4010071-6,Q106039,https://pta.bbaw.de/text/d911a26f/urn:cts:pta:pta0003.pta009.pta-grc1:g14
4010071-6,Q106039,https://pta.bbaw.de/text/d911a26f/urn:cts:pta:pta0003.pta009.pta-grc1:g44
4010071-6,Q106039,https://pta.bbaw.de/text/d911a26f/urn:cts:pta:pta0003.pta020.pta-grcBibex3:g121
4010071-6,Q106039,https://pta.bbaw.de/text/d911a26f/urn:cts:pta:pta0007.pta007.pta-grc1:g6
4010071-6,Q106039,https://pta.bbaw.de/text/d911a26f/urn:cts:pta:pta0007.pta007.pta-grc1:g7
4010071-6,Q106039,https://pta.bbaw.de/text/d911a26f/urn:cts:pta:pta0007.pta007.pta-grc1:g8
4010071-6,Q106039,https://pta.bbaw.de/text/d911a26f/urn:cts:pta:pta0022.pta003.pta-grc1:g25
4010071-6,Q106039,https://pta.bbaw.de/text/d911a26f/urn:cts:pta:pta0022.pta003.pta-grc1:g45
4010071-6,Q106039,https://pta.bbaw.de/text/d911a26f/urn:cts:pta:pta0022.pta003.pta-grc1:g59
4010071-6,Q106039,https://pta.bbaw.de/text/d911a26f/urn:cts:pta:pta0022.pta004.pta-grc1:g24
4010071-6,Q106039,https://pta.bbaw.de/text/d911a26f/urn:cts:pta:pta0022.pta010.pta-grc1:g16
4010071-6,Q106039,https://pta.bbaw.de/text/d911a26f/urn:cts:pta:pta0022.pta017.pta-grc1:g3
4010071-6,Q106039,https://pta.bbaw.de/text/d911a26f/urn:cts:pta:pta0022.pta017.pta-grc1:g18
4010071-6,Q106039,https://pta.bbaw.de/text/d911a26f/urn:cts:pta:pta0030.pta016.pta-grc4:g2
4010071-6,Q106039,https://pta.bbaw.de/text/d911a26f/urn:cts:pta:pta0030.pta016.pta-grc4:g3
4010071-6,Q106039,https://pta.bbaw.de/text/d911a26f/urn:cts:pta:pta0030.pta016.pta-grc5:g1
4010071-6,Q106039,https://pta.bbaw.de/text/d911a26f/urn:cts:pta:pta0036.pta001.pta-grc1:g32
4010071-6,Q106039,https://pta.bbaw.de/text/d911a26f/urn:cts:pta:pta0036.pta001.pta-grc1:g33
4010071-6,Q106039,https://pta.bbaw.de/text/d911a26f/urn:cts:pta:pta0036.pta001.pta-grc1:g34
4010071-6,Q106039,https://pta.bbaw.de/text/d911a26f/urn:cts:pta:pta0036.pta001.pta-grc1:g35
4010071-6,Q106039,https://pta.bbaw.de/text/d911a26f/urn:cts:pta:pta0036.pta001.pta-grc1:g38
4010071-6,Q106039,https://pta.bbaw.de/text/d911a26f/urn:cts:pta:pta0036.pta001.pta-grc1:g40
4010071-6,Q106039,https://pta.bbaw.de/text/d911a26f/urn:cts:pta:pta0036.pta001.pta-grc1:g45
4010071-6,Q106039,https://pta.bbaw.de/text/d911a26f/urn:cts:pta:pta0036.pta001.pta-grc1:g52
4010071-6,Q106039,https://pta.bbaw.de/text/d911a26f/urn:cts:pta:pta0036.pta001.pta-grc1:g82
4010071-6,Q106039,https://pta.bbaw.de/text/d911a26f/urn:cts:pta:pta0036.pta001.pta-grc1:g91
4010071-6,Q106039,https://pta.bbaw.de/text/d911a26f/urn:cts:pta:pta0036.pta001.pta-grc1:g103
4010071-6,Q106039,https://pta.bbaw.de/text/d911a26f/urn:cts:pta:pta0036.pta001.pta-grc1:g104
4010071-6,Q106039,https://pta.bbaw.de/text/d911a26f/urn:cts:pta:pta0036.pta001.pta-grc1:g122
4010071-6,Q106039,https://pta.bbaw.de/text/d911a26f/urn:cts:pta:pta0036.pta001.pta-grc1:g163
4010071-6,Q106039,https://pta.bbaw.de/text/d911a26f/urn:cts:pta:pta0036.pta001.pta-grc1:g165
4010071-6,Q106039,https://pta.bbaw.de/text/d911a26f/urn:cts:pta:pta0036.pta001.pta-grc1:g167
4010071-6,Q106039,https://pta.bbaw.de/text/d911a26f/urn:cts:pta:pta0036.pta001.pta-grc1:g168
4010071-6,Q106039,https://pta.bbaw.de/text/d911a26f/urn:cts:pta:pta0036.pta001.pta-grc1:g169
4010071-6,Q106039,https://pta.bbaw.de/text/d911a26f/urn:cts:pta:pta0037.pta001.pta-grc1:g19
4010071-6,Q106039,https://pta.bbaw.de/text/d911a26f/urn:cts:pta:pta0037.pta001.pta-grc1:g124
4010071-6,Q106039,https://pta.bbaw.de/text/d911a26f/urn:cts:pta:pta0037.pta001.pta-grc1:g127
4010071-6,Q106039,https://pta.bbaw.de/text/d911a26f/urn:cts:pta:pta0100.pta002.pta-grc1:g2
4368744-1,Q131165,https://pta.bbaw.de/text/d911a26f/urn:cts:pta:pta0001.pta016.pta-grc1:g3
4368744-1,Q131165,https://pta.bbaw.de/text/d911a26f/urn:cts:pta:pta0001.pta018.pta-grc1:g41
4368744-1,Q131165,https://pta.bbaw.de/text/d911a26f/urn:cts:pta:pta0001.pta031.pta-lat1:g1
4368744-1,Q131165,https://pta.bbaw.de/text/d911a26f/urn:cts:pta:pta0001.pta031.pta-lat1:g2
4368744-1,Q131165,https://pta.bbaw.de/text/d911a26f/urn:cts:pta:pta0001.pta034.pta-grc1:g1
4368744-1,Q131165,https://pta.bbaw.de/text/d911a26f/urn:cts:pta:pta0001.pta034.pta-grc1:g26
4368744-1,Q131165,https://pta.bbaw.de/text/d911a26f/urn:cts:pta:pta0001.pta034.pta-grc1:g27
4368744-1,Q131165,https://pta.bbaw.de/text/d911a26f/urn:cts:pta:pta0001.pta034.pta-grc1:g28
4368744-1,Q131165,https://pta.bbaw.de/text/d911a26f/urn:cts:pta:pta0022.pta015.pta-grc1:g8
4223571-6,Q163329,https://pta.bbaw.de/text/d911a26f/urn:cts:pta:pta0001.pta015.pta-grc1:g3
4223571-6,Q163329,https://pta.bbaw.de/text/d911a26f/urn:cts:pta:pta0001.pta015.pta-grc1:g4
4223571-6,Q163329,https://pta.bbaw.de/text/d911a26f/urn:cts:pta:pta0001.pta015.pta-grc1:g5
4223571-6,Q163329,https://pta.bbaw.de/text/d911a26f/urn:cts:pta:pta0001.pta018.pta-grc1:g7
4223571-6,Q163329,https://pta.bbaw.de/text/d911a26f/urn:cts:pta:pta0001.pta018.pta-grc1:g22
4223571-6,Q163329,https://pta.bbaw.de/text/d911a26f/urn:cts:pta:pta0001.pta040.pta-grc1:g13
4223571-6,Q163329,https://pta.bbaw.de/text/d911a26f/urn:cts:pta:pta0001.pta040.pta-grc1:g14
4223571-6,Q163329,https://pta.bbaw.de/text/d911a26f/urn:cts:pta:pta0001.pta040.pta-grc1:g16
4223571-6,Q163329,https://pta.bbaw.de/text/d911a26f/urn:cts:pta:pta0001.pta040.pta-grc1:g17
4223571-6,Q163329,https://pta.bbaw.de/text/d911a26f/urn:cts:pta:pta0001.pta040.pta-grc1:g18
4223571-6,Q163329,https://pta.bbaw.de/text/d911a26f/urn:cts:pta:pta0001.pta040.pta-grc1:g19
4223571-6,Q163329,https://pta.bbaw.de/text/d911a26f/urn:cts:pta:pta0001.pta040.pta-grc1:g20
4223571-6,Q163329,https://pta.bbaw.de/text/d911a26f/urn:cts:pta:pta0001.pta040.pta-grc1:g21
4223571-6,Q163329,https://pta.bbaw.de/text/d911a26f/urn:cts:pta:pta0001.pta040.pta-grc1:g22
4223571-6,Q163329,https://pta.bbaw.de/text/d911a26f/urn:cts:pta:pta0001.pta040.pta-grc1:g23
4223571-6,Q163329,https://pta.bbaw.de/text/d911a26f/urn:cts:pta:pta0001.pta040.pta-grc1:g24
4223571-6,Q163329,https://pta.bbaw.de/text/d911a26f/urn:cts:pta:pta0001.pta040.pta-grc1:g25
4223571-6,Q163329,https://pta.bbaw.de/text/d911a26f/urn:cts:pta:pta0003.pta020.pta-grcBibex3:g15
4223571-6,Q163329,https://pta.bbaw.de/text/d911a26f/urn:cts:pta:pta0003.pta020.pta-grcBibex3:g17
4019107-2,Q11073103,https://pta.bbaw.de/text/d911a26f/urn:cts:pta:pta0001.pta018.pta-grc1:g54
4115909-3,Q484206,https://pta.bbaw.de/text/d911a26f/urn:cts:pta:pta0001.pta006.pta-grc1:g2
4115909-3,Q484206,https://pta.bbaw.de/text/d911a26f/urn:cts:pta:pta0001.pta006.pta-grc1:g3
4115909-3,Q484206,https://pta.bbaw.de/text/d911a26f/urn:cts:pta:pta0001.pta042.pta-grc1:g70
4142791-9,Q1194234,https://pta.bbaw.de/text/d911a26f/urn:cts:pta:pta0001.pta019.pta-grc1:g25
4142791-9,Q1194234,https://pta.bbaw.de/text/d911a26f/urn:cts:pta:pta0001.pta034.pta-grc1:g2
4142791-9,Q1194234,https://pta.bbaw.de/text/d911a26f/urn:cts:pta:pta0001.pta034.pta-grc1:g35
4174130-4,Q26403,https://pta.bbaw.de/text/d911a26f/urn:cts:pta:pta0001.pta014.pta-grc1:g1
4174130-4,Q26403,https://pta.bbaw.de/text/d911a26f/urn:cts:pta:pta0001.pta015.pta-grc1:g1
4174130-4,Q26403,https://pta.bbaw.de/text/d911a26f/urn:cts:pta:pta0001.pta015.pta-grc1:g2
4174130-4,Q26403,https://pta.bbaw.de/text/d911a26f/urn:cts:pta:pta0001.pta015.pta-grc1:g6
4174130-4,Q26403,https://pta.bbaw.de/text/d911a26f/urn:cts:pta:pta0001.pta015.pta-grc1:g7
4174130-4,Q26403,https://pta.bbaw.de/text/d911a26f/urn:cts:pta:pta0001.pta015.pta-grc1:g9
4174130-4,Q26403,https://pta.bbaw.de/text/d911a26f/urn:cts:pta:pta0001.pta015.pta-grc1:g10
4174130-4,Q26403,https://pta.bbaw.de/text/d911a26f/urn:cts:pta:pta0001.pta015.pta-grc1:g11
4174130-4,Q26403,https://pta.bbaw.de/text/d911a26f/urn:cts:pta:pta0001.pta015.pta-grc1:g12
4174130-4,Q26403,https://pta.bbaw.de/text/d911a26f/urn:cts:pta:pta0001.pta015.pta-grc1:g13
4174130-4,Q26403,https://pta.bbaw.de/text/d911a26f/urn:cts:pta:pta0001.pta019.pta-grc1:g23
4174130-4,Q26403,https://pta.bbaw.de/text/d911a26f/urn:cts:pta:pta0001.pta034.pta-grc1:g33
4174130-4,Q26403,https://pta.bbaw.de/text/d911a26f/urn:cts:pta:pta0001.pta035.pta-grcBibex:g1
4174130-4,Q26403,https://pta.bbaw.de/text/d911a26f/urn:cts:pta:pta0001.pta035.pta-grcBibex:g2
4174130-4,Q26403,https://pta.bbaw.de/text/d911a26f/urn:cts:pta:pta0001.pta035.pta-grcBibex:g3
4174130-4,Q26403,https://pta.bbaw.de/text/d911a26f/urn:cts:pta:pta0001.pta037.pta-grc1:g15
4174130-4,Q26403,https://pta.bbaw.de/text/d911a26f/urn:cts:pta:pta0001.pta037.pta-grc1:g16
4174130-4,Q26403,https://pta.bbaw.de/text/d911a26f/urn:cts:pta:pta0001.pta040.pta-grc1:g1
4174130-4,Q26403,https://pta.bbaw.de/text/d911a26f/urn:cts:pta:pta0003.pta020.pta-grcBibex3:g65
4174130-4,Q26403,https://pta.bbaw.de/text/d911a26f/urn:cts:pta:pta0003.pta020.pta-grcBibex3:g80
4174130-4,Q26403,https://pta.bbaw.de/text/d911a26f/urn:cts:pta:pta0022.pta003.pta-grc1:g5
4174130-4,Q26403,https://pta.bbaw.de/text/d911a26f/urn:cts:pta:pta0022.pta003.pta-grc1:g9
4174130-4,Q26403,https://pta.bbaw.de/text/d911a26f/urn:cts:pta:pta0036.pta001.pta-grc1:g89
4174130-4,Q26403,https://pta.bbaw.de/text/d911a26f/urn:cts:pta:pta0037.pta001.pta-grc1:g84
4174130-4,Q26403,https://pta.bbaw.de/text/d911a26f/urn:cts:pta:pta0037.pta001.pta-grc1:g143
,Q5518599,https://pta.bbaw.de/text/d911a26f/urn:cts:pta:pta0001.pta003.pta-grc1:g17
,Q5518599,https://pta.bbaw.de/text/d911a26f/urn:cts:pta:pta0001.pta003.pta-grc1:g18
,Q5518599,https://pta.bbaw.de/text/d911a26f/urn:cts:pta:pta0001.pta003.pta-grc1:g19
,Q5518599,https://pta.bbaw.de/text/d911a26f/urn:cts:pta:pta0001.pta003.pta-grc1:g20
,Q5518599,https://pta.bbaw.de/text/d911a26f/urn:cts:pta:pta0001.pta003.pta-grc1:g21
,Q5518599,https://pta.bbaw.de/text/d911a26f/urn:cts:pta:pta0001.pta003.pta-grc1:g22
,Q5518599,https://pta.bbaw.de/text/d911a26f/urn:cts:pta:pta0001.pta004.pta-grc1:g17
,Q5518599,https://pta.bbaw.de/text/d911a26f/urn:cts:pta:pta0001.pta042.pta-grc1:g65
,Q5518599,https://pta.bbaw.de/text/d911a26f/urn:cts:pta:pta0001.pta042.pta-grc1:g66
,Q5518599,https://pta.bbaw.de/text/d911a26f/urn:cts:pta:pta0001.pta042.pta-grc1:g73
4084762-7,Q2918061,https://pta.bbaw.de/text/d911a26f/urn:cts:pta:pta0001.pta005.pta-grc1:g10
4084762-7,Q2918061,https://pta.bbaw.de/text/d911a26f/urn:cts:pta:pta0037.pta001.pta-grc1:g129
4084762-7,Q2918061,https://pta.bbaw.de/text/d911a26f/urn:cts:pta:pta0037.pta001.pta-grc1:g162
4084762-7,Q2918061,https://pta.bbaw.de/text/d911a26f/urn:cts:pta:pta0037.pta001.pta-grc1:g165
4331728-5,Q940785,https://pta.bbaw.de/text/d911a26f/urn:cts:pta:pta0001.pta005.pta-grc1:g11
,Q797930,https://pta.bbaw.de/text/d911a26f/urn:cts:pta:pta0001.pta007.pta-grc1:g7
,Q797930,https://pta.bbaw.de/text/d911a26f/urn:cts:pta:pta0001.pta037.pta-grc1:g28
,Q797930,https://pta.bbaw.de/text/d911a26f/urn:cts:pta:pta0001.pta049.pta-grc1:g4
,Q797930,https://pta.bbaw.de/text/d911a26f/urn:cts:pta:pta0001.pta049.pta-grc1:g11
,Q797930,https://pta.bbaw.de/text/d911a26f/urn:cts:pta:pta0022.pta010.pta-grc1:g4
,Q797930,https://pta.bbaw.de/text/d911a26f/urn:cts:pta:pta0037.pta001.pta-grc1:g11
,Q797930,https://pta.bbaw.de/text/d911a26f/urn:cts:pta:pta0037.pta001.pta-grc1:g14
,Q797930,https://pta.bbaw.de/text/d911a26f/urn:cts:pta:pta0037.pta001.pta-grc1:g28
,Q797930,https://pta.bbaw.de/text/d911a26f/urn:cts:pta:pta0037.pta001.pta-grc1:g38
,Q797930,https://pta.bbaw.de/text/d911a26f/urn:cts:pta:pta0037.pta001.pta-grc1:g39
,Q797930,https://pta.bbaw.de/text/d911a26f/urn:cts:pta:pta0037.pta001.pta-grc1:g40
,Q797930,https://pta.bbaw.de/text/d911a26f/urn:cts:pta:pta0037.pta001.pta-grc1:g41
,Q797930,https://pta.bbaw.de/text/d911a26f/urn:cts:pta:pta0037.pta001.pta-grc1:g42
,Q797930,https://pta.bbaw.de/text/d911a26f/urn:cts:pta:pta0037.pta001.pta-grc1:g46
,Q797930,https://pta.bbaw.de/text/d911a26f/urn:cts:pta:pta0037.pta001.pta-grc1:g66
,Q797930,https://pta.bbaw.de/text/d911a26f/urn:cts:pta:pta0037.pta001.pta-grc1:g70
,Q797930,https://pta.bbaw.de/text/d911a26f/urn:cts:pta:pta0037.pta001.pta-grc1:g74
,Q797930,https://pta.bbaw.de/text/d911a26f/urn:cts:pta:pta0037.pta001.pta-grc1:g95
,Q797930,https://pta.bbaw.de/text/d911a26f/urn:cts:pta:pta0037.pta001.pta-grc1:g109
,Q797930,https://pta.bbaw.de/text/d911a26f/urn:cts:pta:pta0037.pta001.pta-grc1:g114
,Q8735,https://pta.bbaw.de/text/d911a26f/urn:cts:pta:pta0001.pta007.pta-grc1:g5
,Q8735,https://pta.bbaw.de/text/d911a26f/urn:cts:pta:pta0001.pta042.pta-grc1:g68
,Q8735,https://pta.bbaw.de/text/d911a26f/urn:cts:pta:pta0037.pta001.pta-grc1:g64
,Q8735,https://pta.bbaw.de/text/d911a26f/urn:cts:pta:pta0037.pta001.pta-grc1:g72
,Q8735,https://pta.bbaw.de/text/d911a26f/urn:cts:pta:pta0037.pta001.pta-grc1:g75
,Q8735,https://pta.bbaw.de/text/d911a26f/urn:cts:pta:pta0037.pta001.pta-grc1:g77
,Q8735,https://pta.bbaw.de/text/d911a26f/urn:cts:pta:pta0037.pta001.pta-grc1:g79
,Q8735,https://pta.bbaw.de/text/d911a26f/urn:cts:pta:pta0037.pta001.pta-grc1:g81
,Q8735,https://pta.bbaw.de/text/d911a26f/urn:cts:pta:pta0037.pta001.pta-grc1:g85
,Q8735,https://pta.bbaw.de/text/d911a26f/urn:cts:pta:pta0037.pta001.pta-grc1:g88
,Q8735,https://pta.bbaw.de/text/d911a26f/urn:cts:pta:pta0037.pta001.pta-grc1:g139
,Q8735,https://pta.bbaw.de/text/d911a26f/urn:cts:pta:pta0037.pta001.pta-grc1:g141
4055278-0,Q131802,https://pta.bbaw.de/text/d911a26f/urn:cts:pta:pta0001.pta008.pta-grc1:g5
4055278-0,Q131802,https://pta.bbaw.de/text/d911a26f/urn:cts:pta:pta0001.pta008.pta-grc1:g6
4055278-0,Q131802,https://pta.bbaw.de/text/d911a26f/urn:cts:pta:pta0036.pta001.pta-grc1:g64
4355044-7,Q745718,https://pta.bbaw.de/text/d911a26f/urn:cts:pta:pta0001.pta008.pta-grc1:g13
4355044-7,Q745718,https://pta.bbaw.de/text/d911a26f/urn:cts:pta:pta0001.pta014.pta-grc1:g8
4355044-7,Q745718,https://pta.bbaw.de/text/d911a26f/urn:cts:pta:pta0001.pta037.pta-grc1:g37
4355044-7,Q745718,https://pta.bbaw.de/text/d911a26f/urn:cts:pta:pta0036.pta001.pta-grc1:g73
4355044-7,Q745718,https://pta.bbaw.de/text/d911a26f/urn:cts:pta:pta0037.pta001.pta-grc1:g6
4355044-7,Q745718,https://pta.bbaw.de/text/d911a26f/urn:cts:pta:pta0037.pta001.pta-grc1:g65
,Q200969,https://pta.bbaw.de/text/d911a26f/urn:cts:pta:pta0001.pta016.pta-grc1:g1
,Q200969,https://pta.bbaw.de/text/d911a26f/urn:cts:pta:pta0001.pta016.pta-grc1:g2
,Q200969,https://pta.bbaw.de/text/d911a26f/urn:cts:pta:pta0001.pta022.pta-grc1:g1
,Q200969,https://pta.bbaw.de/text/d911a26f/urn:cts:pta:pta0001.pta022.pta-grc1:g2
,Q200969,https://pta.bbaw.de/text/d911a26f/urn:cts:pta:pta0001.pta038.pta-grc1:g2
,Q200969,https://pta.bbaw.de/text/d911a26f/urn:cts:pta:pta0001.pta038.pta-grc1:g3
,Q200969,https://pta.bbaw.de/text/d911a26f/urn:cts:pta:pta0001.pta049.pta-grc1:g2
,Q200969,https://pta.bbaw.de/text/d911a26f/urn:cts:pta:pta0001.pta049.pta-grc1:g3
,Q200969,https://pta.bbaw.de/text/d911a26f/urn:cts:pta:pta0001.pta054.pta-grc1:g14
,Q200969,https://pta.bbaw.de/text/d911a26f/urn:cts:pta:pta0001.pta054.pta-lat1:g15
,Q200969,https://pta.bbaw.de/text/d911a26f/urn:cts:pta:pta0003.pta020.pta-grcBibex3:g16
,Q200969,https://pta.bbaw.de/text/d911a26f/urn:cts:pta:pta0003.pta020.pta-grcBibex3:g187
,Q200969,https://pta.bbaw.de/text/d911a26f/urn:cts:pta:pta0037.pta001.pta-grc1:g1
,Q200969,https://pta.bbaw.de/text/d911a26f/urn:cts:pta:pta0037.pta001.pta-grc1:g2
,Q200969,https://pta.bbaw.de/text/d911a26f/urn:cts:pta:pta0037.pta001.pta-grc1:g3
,Q200969,https://pta.bbaw.de/text/d911a26f/urn:cts:pta:pta0037.pta001.pta-grc1:g4
,Q200969,https://pta.bbaw.de/text/d911a26f/urn:cts:pta:pta0037.pta001.pta-grc1:g5
,Q200969,https://pta.bbaw.de/text/d911a26f/urn:cts:pta:pta0037.pta001.pta-grc1:g8
,Q200969,https://pta.bbaw.de/text/d911a26f/urn:cts:pta:pta0037.pta001.pta-grc1:g10
,Q200969,https://pta.bbaw.de/text/d911a26f/urn:cts:pta:pta0037.pta001.pta-grc1:g20
,Q200969,https://pta.bbaw.de/text/d911a26f/urn:cts:pta:pta0037.pta001.pta-grc1:g21
,Q200969,https://pta.bbaw.de/text/d911a26f/urn:cts:pta:pta0037.pta001.pta-grc1:g22
,Q200969,https://pta.bbaw.de/text/d911a26f/urn:cts:pta:pta0037.pta001.pta-grc1:g23
,Q200969,https://pta.bbaw.de/text/d911a26f/urn:cts:pta:pta0037.pta001.pta-grc1:g24
,Q200969,https://pta.bbaw.de/text/d911a26f/urn:cts:pta:pta0037.pta001.pta-grc1:g25
,Q200969,https://pta.bbaw.de/text/d911a26f/urn:cts:pta:pta0037.pta001.pta-grc1:g27
,Q200969,https://pta.bbaw.de/text/d911a26f/urn:cts:pta:pta0037.pta001.pta-grc1:g35
,Q200969,https://pta.bbaw.de/text/d911a26f/urn:cts:pta:pta0037.pta001.pta-grc1:g43
,Q200969,https://pta.bbaw.de/text/d911a26f/urn:cts:pta:pta0037.pta001.pta-grc1:g49
,Q200969,https://pta.bbaw.de/text/d911a26f/urn:cts:pta:pta0037.pta001.pta-grc1:g50
,Q200969,https://pta.bbaw.de/text/d911a26f/urn:cts:pta:pta0037.pta001.pta-grc1:g58
,Q200969,https://pta.bbaw.de/text/d911a26f/urn:cts:pta:pta0037.pta001.pta-grc1:g59
,Q200969,https://pta.bbaw.de/text/d911a26f/urn:cts:pta:pta0037.pta001.pta-grc1:g67
,Q200969,https://pta.bbaw.de/text/d911a26f/urn:cts:pta:pta0037.pta001.pta-grc1:g68
,Q200969,https://pta.bbaw.de/text/d911a26f/urn:cts:pta:pta0037.pta001.pta-grc1:g71
,Q200969,https://pta.bbaw.de/text/d911a26f/urn:cts:pta:pta0037.pta001.pta-grc1:g83
,Q200969,https://pta.bbaw.de/text/d911a26f/urn:cts:pta:pta0037.pta001.pta-grc1:g93
,Q200969,https://pta.bbaw.de/text/d911a26f/urn:cts:pta:pta0037.pta001.pta-grc1:g94
,Q200969,https://pta.bbaw.de/text/d911a26f/urn:cts:pta:pta0037.pta001.pta-grc1:g142
4045777-1,Q193776,https://pta.bbaw.de/text/d911a26f/urn:cts:pta:pta0001.pta016.pta-grc1:g4
4211510-3,Q11934533,https://pta.bbaw.de/text/d911a26f/urn:cts:pta:pta0001.pta024.pta-grc1:g6
4211510-3,Q11934533,https://pta.bbaw.de/text/d911a26f/urn:cts:pta:pta0001.pta024.pta-grc1:g7
4054582-9,Q29334,https://pta.bbaw.de/text/d911a26f/urn:cts:pta:pta0003.pta017.pta-grc1:g3
4054582-9,Q29334,https://pta.bbaw.de/text/d911a26f/urn:cts:pta:pta0003.pta017.pta-grc1:g4
4054582-9,Q29334,https://pta.bbaw.de/text/d911a26f/urn:cts:pta:pta0003.pta017.pta-grc1:g10
4054582-9,Q29334,https://pta.bbaw.de/text/d911a26f/urn:cts:pta:pta0003.pta017.pta-grc1:g11
4054582-9,Q29334,https://pta.bbaw.de/text/d911a26f/urn:cts:pta:pta0003.pta017.pta-grc1:g14
4054582-9,Q29334,https://pta.bbaw.de/text/d911a26f/urn:cts:pta:pta0003.pta017.pta-grc1:g20
4054582-9,Q29334,https://pta.bbaw.de/text/d911a26f/urn:cts:pta:pta0003.pta017.pta-grc1:g21
4054582-9,Q29334,https://pta.bbaw.de/text/d911a26f/urn:cts:pta:pta0003.pta017.pta-grc1:g24
4054582-9,Q29334,https://pta.bbaw.de/text/d911a26f/urn:cts:pta:pta0003.pta017.pta-grc1:g27
4054582-9,Q29334,https://pta.bbaw.de/text/d911a26f/urn:cts:pta:pta0003.pta017.pta-grc1:g30
4054582-9,Q29334,https://pta.bbaw.de/text/d911a26f/urn:cts:pta:pta0003.pta017.pta-grc1:g34
4054582-9,Q29334,https://pta.bbaw.de/text/d911a26f/urn:cts:pta:pta0003.pta017.pta-grc1:g36
4054582-9,Q29334,https://pta.bbaw.de/text/d911a26f/urn:cts:pta:pta0003.pta017.pta-grc1:g44
4054582-9,Q29334,https://pta.bbaw.de/text/d911a26f/urn:cts:pta:pta0003.pta017.pta-grc1:g45
4054582-9,Q29334,https://pta.bbaw.de/text/d911a26f/urn:cts:pta:pta0003.pta017.pta-grc1:g46
4054582-9,Q29334,https://pta.bbaw.de/text/d911a26f/urn:cts:pta:pta0003.pta017.pta-grc1:g49
4054582-9,Q29334,https://pta.bbaw.de/text/d911a26f/urn:cts:pta:pta0003.pta017.pta-grc1:g50
4054582-9,Q29334,https://pta.bbaw.de/text/d911a26f/urn:cts:pta:pta0003.pta017.pta-grc1:g52
4054582-9,Q29334,https://pta.bbaw.de/text/d911a26f/urn:cts:pta:pta0003.pta017.pta-grc1:g55
4054582-9,Q29334,https://pta.bbaw.de/text/d911a26f/urn:cts:pta:pta0003.pta017.pta-grc1:g56
4054582-9,Q29334,https://pta.bbaw.de/text/d911a26f/urn:cts:pta:pta0003.pta017.pta-grc1:g60
4054582-9,Q29334,https://pta.bbaw.de/text/d911a26f/urn:cts:pta:pta0003.pta017.pta-grc1:g66
4054582-9,Q29334,https://pta.bbaw.de/text/d911a26f/urn:cts:pta:pta0003.pta017.pta-grc1:g67
4054582-9,Q29334,https://pta.bbaw.de/text/d911a26f/urn:cts:pta:pta0003.pta017.pta-grc1:g69
4054582-9,Q29334,https://pta.bbaw.de/text/d911a26f/urn:cts:pta:pta0003.pta017.pta-grc1:g71
4054582-9,Q29334,https://pta.bbaw.de/text/d911a26f/urn:cts:pta:pta0003.pta017.pta-grc1:g72
4054582-9,Q29334,https://pta.bbaw.de/text/d911a26f/urn:cts:pta:pta0003.pta017.pta-grc1:g74
4054582-9,Q29334,https://pta.bbaw.de/text/d911a26f/urn:cts:pta:pta0003.pta017.pta-grc1:g75
4054582-9,Q29334,https://pta.bbaw.de/text/d911a26f/urn:cts:pta:pta0003.pta017.pta-grc1:g79
4054582-9,Q29334,https://pta.bbaw.de/text/d911a26f/urn:cts:pta:pta0003.pta017.pta-grc1:g80
4054582-9,Q29334,https://pta.bbaw.de/text/d911a26f/urn:cts:pta:pta0003.pta017.pta-grc1:g82
4054582-9,Q29334,https://pta.bbaw.de/text/d911a26f/urn:cts:pta:pta0003.pta017.pta-grc1:g85
4054582-9,Q29334,https://pta.bbaw.de/text/d911a26f/urn:cts:pta:pta0003.pta017.pta-grc1:g86
4054582-9,Q29334,https://pta.bbaw.de/text/d911a26f/urn:cts:pta:pta0003.pta017.pta-grc1:g87
4054582-9,Q29334,https://pta.bbaw.de/text/d911a26f/urn:cts:pta:pta0003.pta017.pta-grc1:g92
4054582-9,Q29334,https://pta.bbaw.de/text/d911a26f/urn:cts:pta:pta0003.pta017.pta-grc1:g98
4054582-9,Q29334,https://pta.bbaw.de/text/d911a26f/urn:cts:pta:pta0003.pta017.pta-grc1:g99
4054582-9,Q29334,https://pta.bbaw.de/text/d911a26f/urn:cts:pta:pta0003.pta017.pta-grc1:g112
4054582-9,Q29334,https://pta.bbaw.de/text/d911a26f/urn:cts:pta:pta0003.pta017.pta-grc1:g124
4054582-9,Q29334,https://pta.bbaw.de/text/d911a26f/urn:cts:pta:pta0003.pta017.pta-grc1:g125
4054582-9,Q29334,https://pta.bbaw.de/text/d911a26f/urn:cts:pta:pta0003.pta017.pta-grc1:g126
4054582-9,Q29334,https://pta.bbaw.de/text/d911a26f/urn:cts:pta:pta0003.pta017.pta-grc1:g127
4054582-9,Q29334,https://pta.bbaw.de/text/d911a26f/urn:cts:pta:pta0003.pta017.pta-grc1:g128
4054582-9,Q29334,https://pta.bbaw.de/text/d911a26f/urn:cts:pta:pta0003.pta017.pta-grc1:g129
4054582-9,Q29334,https://pta.bbaw.de/text/d911a26f/urn:cts:pta:pta0003.pta017.pta-grc1:g132
4054582-9,Q29334,https://pta.bbaw.de/text/d911a26f/urn:cts:pta:pta0003.pta017.pta-grc1:g133
4054582-9,Q29334,https://pta.bbaw.de/text/d911a26f/urn:cts:pta:pta0003.pta017.pta-grc1:g139
4054582-9,Q29334,https://pta.bbaw.de/text/d911a26f/urn:cts:pta:pta0003.pta017.pta-grc1:g140
4054582-9,Q29334,https://pta.bbaw.de/text/d911a26f/urn:cts:pta:pta0003.pta017.pta-grc1:g151
4054582-9,Q29334,https://pta.bbaw.de/text/d911a26f/urn:cts:pta:pta0003.pta017.pta-grc1:g152
4054582-9,Q29334,https://pta.bbaw.de/text/d911a26f/urn:cts:pta:pta0003.pta017.pta-grc1:g159
4054582-9,Q29334,https://pta.bbaw.de/text/d911a26f/urn:cts:pta:pta0003.pta017.pta-grc1:g160
4076778-4,Q2277,https://pta.bbaw.de/text/d911a26f/urn:cts:pta:pta0001.pta054.pta-grc1:g12
4076778-4,Q2277,https://pta.bbaw.de/text/d911a26f/urn:cts:pta:pta0001.pta054.pta-lat1:g13
4076778-4,Q2277,https://pta.bbaw.de/text/d911a26f/urn:cts:pta:pta0004.pta001.pta-grcBibex:g27
4076778-4,Q2277,https://pta.bbaw.de/text/d911a26f/urn:cts:pta:pta0004.pta001.pta-grcBibex:g28
4120416-5,Q23670057,https://pta.bbaw.de/text/d911a26f/urn:cts:pta:pta0001.pta003.pta-grc1:g4
4120416-5,Q23670057,https://pta.bbaw.de/text/d911a26f/urn:cts:pta:pta0001.pta003.pta-grc1:g8
4120416-5,Q23670057,https://pta.bbaw.de/text/d911a26f/urn:cts:pta:pta0001.pta003.pta-grc1:g10
4120416-5,Q23670057,https://pta.bbaw.de/text/d911a26f/urn:cts:pta:pta0001.pta004.pta-grc1:g1
4120416-5,Q23670057,https://pta.bbaw.de/text/d911a26f/urn:cts:pta:pta0001.pta004.pta-grc1:g4
4120416-5,Q23670057,https://pta.bbaw.de/text/d911a26f/urn:cts:pta:pta0001.pta004.pta-grc1:g18
4120416-5,Q23670057,https://pta.bbaw.de/text/d911a26f/urn:cts:pta:pta0001.pta004.pta-grc1:g20
4120416-5,Q23670057,https://pta.bbaw.de/text/d911a26f/urn:cts:pta:pta0001.pta005.pta-grc1:g8
4120416-5,Q23670057,https://pta.bbaw.de/text/d911a26f/urn:cts:pta:pta0001.pta005.pta-grc1:g12
4120416-5,Q23670057,https://pta.bbaw.de/text/d911a26f/urn:cts:pta:pta0001.pta005.pta-grc1:g18
4120416-5,Q23670057,https://pta.bbaw.de/text/d911a26f/urn:cts:pta:pta0001.pta006.pta-grc1:g1
4120416-5,Q23670057,https://pta.bbaw.de/text/d911a26f/urn:cts:pta:pta0001.pta006.pta-grc1:g10
4120416-5,Q23670057,https://pta.bbaw.de/text/d911a26f/urn:cts:pta:pta0001.pta009.pta-grc1:g1
4120416-5,Q23670057,https://pta.bbaw.de/text/d911a26f/urn:cts:pta:pta0001.pta009.pta-grc1:g2
4120416-5,Q23670057,https://pta.bbaw.de/text/d911a26f/urn:cts:pta:pta0001.pta010.pta-grc1:g1
4120416-5,Q23670057,https://pta.bbaw.de/text/d911a26f/urn:cts:pta:pta0001.pta010.pta-grc1:g2
4120416-5,Q23670057,https://pta.bbaw.de/text/d911a26f/urn:cts:pta:pta0001.pta010.pta-grc1:g3
4120416-5,Q23670057,https://pta.bbaw.de/text/d911a26f/urn:cts:pta:pta0001.pta010.pta-grc1:g4
4120416-5,Q23670057,https://pta.bbaw.de/text/d911a26f/urn:cts:pta:pta0001.pta014.pta-grc1:g10
4120416-5,Q23670057,https://pta.bbaw.de/text/d911a26f/urn:cts:pta:pta0001.pta018.pta-grc1:g42
4120416-5,Q23670057,https://pta.bbaw.de/text/d911a26f/urn:cts:pta:pta0001.pta019.pta-grc1:g28
4120416-5,Q23670057,https://pta.bbaw.de/text/d911a26f/urn:cts:pta:pta0001.pta020.pta-grc1:g1
4120416-5,Q23670057,https://pta.bbaw.de/text/d911a26f/urn:cts:pta:pta0001.pta020.pta-grc1:g2
4120416-5,Q23670057,https://pta.bbaw.de/text/d911a26f/urn:cts:pta:pta0001.pta020.pta-grc1:g3
4120416-5,Q23670057,https://pta.bbaw.de/text/d911a26f/urn:cts:pta:pta0001.pta021.pta-grc1:g1
4120416-5,Q23670057,https://pta.bbaw.de/text/d911a26f/urn:cts:pta:pta0001.pta024.pta-grc1:g3
4120416-5,Q23670057,https://pta.bbaw.de/text/d911a26f/urn:cts:pta:pta0001.pta024.pta-grc1:g4
4120416-5,Q23670057,https://pta.bbaw.de/text/d911a26f/urn:cts:pta:pta0001.pta025.pta-grc1:g2
4120416-5,Q23670057,https://pta.bbaw.de/text/d911a26f/urn:cts:pta:pta0001.pta025.pta-grc1:g3
4120416-5,Q23670057,https://pta.bbaw.de/text/d911a26f/urn:cts:pta:pta0001.pta025.pta-grc1:g4
4120416-5,Q23670057,https://pta.bbaw.de/text/d911a26f/urn:cts:pta:pta0001.pta025.pta-grc1:g16
4120416-5,Q23670057,https://pta.bbaw.de/text/d911a26f/urn:cts:pta:pta0001.pta026.pta-grc1:g4
4120416-5,Q23670057,https://pta.bbaw.de/text/d911a26f/urn:cts:pta:pta0001.pta026.pta-grc1:g6
4120416-5,Q23670057,https://pta.bbaw.de/text/d911a26f/urn:cts:pta:pta0001.pta027.pta-grc1:g2
4120416-5,Q23670057,https://pta.bbaw.de/text/d911a26f/urn:cts:pta:pta0001.pta027.pta-grc1:g3
4120416-5,Q23670057,https://pta.bbaw.de/text/d911a26f/urn:cts:pta:pta0001.pta028.pta-grc1:g1
4120416-5,Q23670057,https://pta.bbaw.de/text/d911a26f/urn:cts:pta:pta0001.pta028.pta-grc2:g1
4120416-5,Q23670057,https://pta.bbaw.de/text/d911a26f/urn:cts:pta:pta0001.pta028.pta-grcBibex:g1
4120416-5,Q23670057,https://pta.bbaw.de/text/d911a26f/urn:cts:pta:pta0001.pta029.pta-grc1:g4
4120416-5,Q23670057,https://pta.bbaw.de/text/d911a26f/urn:cts:pta:pta0001.pta029.pta-grc1:g5
4120416-5,Q23670057,https://pta.bbaw.de/text/d911a26f/urn:cts:pta:pta0001.pta029.pta-grc1:g6
4120416-5,Q23670057,https://pta.bbaw.de/text/d911a26f/urn:cts:pta:pta0001.pta031.pta-grc1:g3
4120416-5,Q23670057,https://pta.bbaw.de/text/d911a26f/urn:cts:pta:pta0001.pta031.pta-grc1:g4
4120416-5,Q23670057,https://pta.bbaw.de/text/d911a26f/urn:cts:pta:pta0001.pta031.pta-grc1:g6
4120416-5,Q23670057,https://pta.bbaw.de/text/d911a26f/urn:cts:pta:pta0001.pta031.pta-grc1:g7
4120416-5,Q23670057,https://pta.bbaw.de/text/d911a26f/urn:cts:pta:pta0001.pta031.pta-grc1:g8
4120416-5,Q23670057,https://pta.bbaw.de/text/d911a26f/urn:cts:pta:pta0001.pta031.pta-grc1:g9
4120416-5,Q23670057,https://pta.bbaw.de/text/d911a26f/urn:cts:pta:pta0001.pta034.pta-grc1:g4
4120416-5,Q23670057,https://pta.bbaw.de/text/d911a26f/urn:cts:pta:pta0001.pta034.pta-grc1:g9
4120416-5,Q23670057,https://pta.bbaw.de/text/d911a26f/urn:cts:pta:pta0001.pta034.pta-grc1:g10
4120416-5,Q23670057,https://pta.bbaw.de/text/d911a26f/urn:cts:pta:pta0001.pta034.pta-grc1:g25
4120416-5,Q23670057,https://pta.bbaw.de/text/d911a26f/urn:cts:pta:pta0001.pta034.pta-grc1:g29
4120416-5,Q23670057,https://pta.bbaw.de/text/d911a26f/urn:cts:pta:pta0001.pta034.pta-grc1:g30
4120416-5,Q23670057,https://pta.bbaw.de/text/d911a26f/urn:cts:pta:pta0001.pta034.pta-grc1:g31
4120416-5,Q23670057,https://pta.bbaw.de/text/d911a26f/urn:cts:pta:pta0001.pta034.pta-grc1:g32
4120416-5,Q23670057,https://pta.bbaw.de/text/d911a26f/urn:cts:pta:pta0001.pta034.pta-grc1:g34
4120416-5,Q23670057,https://pta.bbaw.de/text/d911a26f/urn:cts:pta:pta0001.pta034.pta-grc1:g36
4120416-5,Q23670057,https://pta.bbaw.de/text/d911a26f/urn:cts:pta:pta0001.pta034.pta-grc1:g37
4120416-5,Q23670057,https://pta.bbaw.de/text/d911a26f/urn:cts:pta:pta0001.pta034.pta-grc1:g38
4120416-5,Q23670057,https://pta.bbaw.de/text/d911a26f/urn:cts:pta:pta0001.pta034.pta-grc1:g39
4120416-5,Q23670057,https://pta.bbaw.de/text/d911a26f/urn:cts:pta:pta0001.pta034.pta-grc1:g41
4120416-5,Q23670057,https://pta.bbaw.de/text/d911a26f/urn:cts:pta:pta0001.pta034.pta-grc1:g42
4120416-5,Q23670057,https://pta.bbaw.de/text/d911a26f/urn:cts:pta:pta0001.pta036.pta-grc1:g1
4120416-5,Q23670057,https://pta.bbaw.de/text/d911a26f/urn:cts:pta:pta0001.pta036.pta-grc1:g6
4120416-5,Q23670057,https://pta.bbaw.de/text/d911a26f/urn:cts:pta:pta0001.pta036.pta-grc1:g7
4120416-5,Q23670057,https://pta.bbaw.de/text/d911a26f/urn:cts:pta:pta0001.pta036.pta-grc1:g8
4120416-5,Q23670057,https://pta.bbaw.de/text/d911a26f/urn:cts:pta:pta0001.pta037.pta-grc1:g3
4120416-5,Q23670057,https://pta.bbaw.de/text/d911a26f/urn:cts:pta:pta0001.pta037.pta-grc1:g8
4120416-5,Q23670057,https://pta.bbaw.de/text/d911a26f/urn:cts:pta:pta0001.pta037.pta-grc1:g9
4120416-5,Q23670057,https://pta.bbaw.de/text/d911a26f/urn:cts:pta:pta0001.pta037.pta-grc1:g31
4120416-5,Q23670057,https://pta.bbaw.de/text/d911a26f/urn:cts:pta:pta0001.pta037.pta-grc1:g33
4120416-5,Q23670057,https://pta.bbaw.de/text/d911a26f/urn:cts:pta:pta0001.pta037.pta-grc1:g35
4120416-5,Q23670057,https://pta.bbaw.de/text/d911a26f/urn:cts:pta:pta0001.pta041.pta-grc1:g4
4120416-5,Q23670057,https://pta.bbaw.de/text/d911a26f/urn:cts:pta:pta0001.pta041.pta-grc1:g5
4120416-5,Q23670057,https://pta.bbaw.de/text/d911a26f/urn:cts:pta:pta0001.pta041.pta-grc1:g6
4120416-5,Q23670057,https://pta.bbaw.de/text/d911a26f/urn:cts:pta:pta0001.pta041.pta-grc1:g16
4120416-5,Q23670057,https://pta.bbaw.de/text/d911a26f/urn:cts:pta:pta0001.pta041.pta-grc1:g17
4120416-5,Q23670057,https://pta.bbaw.de/text/d911a26f/urn:cts:pta:pta0001.pta042.pta-grc1:g86
4120416-5,Q23670057,https://pta.bbaw.de/text/d911a26f/urn:cts:pta:pta0001.pta042.pta-grc1:g95
4120416-5,Q23670057,https://pta.bbaw.de/text/d911a26f/urn:cts:pta:pta0001.pta052.pta-grc1:g1
4120416-5,Q23670057,https://pta.bbaw.de/text/d911a26f/urn:cts:pta:pta0001.pta053.pta-grc1:g1
4120416-5,Q23670057,https://pta.bbaw.de/text/d911a26f/urn:cts:pta:pta0001.pta056.pta-grc1:g1
4120416-5,Q23670057,https://pta.bbaw.de/text/d911a26f/urn:cts:pta:pta0001.pta056.pta-grc2:g1
4120416-5,Q23670057,https://pta.bbaw.de/text/d911a26f/urn:cts:pta:pta0001.pta057.pta-grc1:g1
4120416-5,Q23670057,https://pta.bbaw.de/text/d911a26f/urn:cts:pta:pta0001.pta058.pta-grc1:g1
4120416-5,Q23670057,https://pta.bbaw.de/text/d911a26f/urn:cts:pta:pta0001.pta058.pta-grc1:g2
4120416-5,Q23670057,https://pta.bbaw.de/text/d911a26f/urn:cts:pta:pta0001.pta058.pta-grc1:g3
4120416-5,Q23670057,https://pta.bbaw.de/text/d911a26f/urn:cts:pta:pta0001.pta059.pta-grc1:g1
4120416-5,Q23670057,https://pta.bbaw.de/text/d911a26f/urn:cts:pta:pta0001.pta059.pta-grc1:g2
4120416-5,Q23670057,https://pta.bbaw.de/text/d911a26f/urn:cts:pta:pta0001.pta059.pta-grc1:g3
4120416-5,Q23670057,https://pta.bbaw.de/text/d911a26f/urn:cts:pta:pta0001.pta059.pta-grc1:g4
4120416-5,Q23670057,https://pta.bbaw.de/text/d911a26f/urn:cts:pta:pta0001.pta059.pta-grc1:g5
4120416-5,Q23670057,https://pta.bbaw.de/text/d911a26f/urn:cts:pta:pta0001.pta059.pta-grc1:g6
4120416-5,Q23670057,https://pta.bbaw.de/text/d911a26f/urn:cts:pta:pta0001.pta059.pta-grc1:g7
4120416-5,Q23670057,https://pta.bbaw.de/text/d911a26f/urn:cts:pta:pta0001.pta059.pta-grc1:g8
4120416-5,Q23670057,https://pta.bbaw.de/text/d911a26f/urn:cts:pta:pta0001.pta060.pta-grc1:g1
4120416-5,Q23670057,https://pta.bbaw.de/text/d911a26f/urn:cts:pta:pta0001.pta060.pta-grc1:g2
4120416-5,Q23670057,https://pta.bbaw.de/text/d911a26f/urn:cts:pta:pta0001.pta060.pta-grc1:g3
4120416-5,Q23670057,https://pta.bbaw.de/text/d911a26f/urn:cts:pta:pta0001.pta060.pta-grc1:g4
4120416-5,Q23670057,https://pta.bbaw.de/text/d911a26f/urn:cts:pta:pta0001.pta060.pta-grc1:g5
4120416-5,Q23670057,https://pta.bbaw.de/text/d911a26f/urn:cts:pta:pta0001.pta060.pta-grc1:g6
4120416-5,Q23670057,https://pta.bbaw.de/text/d911a26f/urn:cts:pta:pta0001.pta060.pta-grc1:g7
4120416-5,Q23670057,https://pta.bbaw.de/text/d911a26f/urn:cts:pta:pta0001.pta061.pta-grc1:g1
4120416-5,Q23670057,https://pta.bbaw.de/text/d911a26f/urn:cts:pta:pta0001.pta061.pta-grc1:g2
4120416-5,Q23670057,https://pta.bbaw.de/text/d911a26f/urn:cts:pta:pta0001.pta061.pta-grc1:g3
4120416-5,Q23670057,https://pta.bbaw.de/text/d911a26f/urn:cts:pta:pta0001.pta061.pta-grc1:g4
4120416-5,Q23670057,https://pta.bbaw.de/text/d911a26f/urn:cts:pta:pta0001.pta061.pta-grc1:g5
4120416-5,Q23670057,https://pta.bbaw.de/text/d911a26f/urn:cts:pta:pta0001.pta061.pta-grc1:g6
4120416-5,Q23670057,https://pta.bbaw.de/text/d911a26f/urn:cts:pta:pta0001.pta061.pta-grc1:g7
4120416-5,Q23670057,https://pta.bbaw.de/text/d911a26f/urn:cts:pta:pta0001.pta061.pta-grc1:g8
4120416-5,Q23670057,https://pta.bbaw.de/text/d911a26f/urn:cts:pta:pta0001.pta062.pta-grc1:g1
4120416-5,Q23670057,https://pta.bbaw.de/text/d911a26f/urn:cts:pta:pta0001.pta062.pta-grc1:g2
4120416-5,Q23670057,https://pta.bbaw.de/text/d911a26f/urn:cts:pta:pta0001.pta062.pta-grc1:g3
4120416-5,Q23670057,https://pta.bbaw.de/text/d911a26f/urn:cts:pta:pta0001.pta062.pta-grc1:g4
4106468-9,Q878607,https://pta.bbaw.de/text/d911a26f/urn:cts:pta:pta0001.pta029.pta-grc1:g10
4124605-6,Q134313,https://pta.bbaw.de/text/d911a26f/urn:cts:pta:pta0001.pta037.pta-grc1:g26
4124605-6,Q134313,https://pta.bbaw.de/text/d911a26f/urn:cts:pta:pta0001.pta037.pta-grc1:g29
4124605-6,Q134313,https://pta.bbaw.de/text/d911a26f/urn:cts:pta:pta0001.pta037.pta-grc1:g42
4124605-6,Q134313,https://pta.bbaw.de/text/d911a26f/urn:cts:pta:pta0022.pta004.pta-grc1:g5
4036915-8,Q107013,https://pta.bbaw.de/text/d911a26f/urn:cts:pta:pta0001.pta037.pta-grc1:g27
4036915-8,Q107013,https://pta.bbaw.de/text/d911a26f/urn:cts:pta:pta0001.pta037.pta-grc1:g30
4036915-8,Q107013,https://pta.bbaw.de/text/d911a26f/urn:cts:pta:pta0001.pta037.pta-grc1:g41
4036915-8,Q107013,https://pta.bbaw.de/text/d911a26f/urn:cts:pta:pta0001.pta038.pta-grc1:g5
4036915-8,Q107013,https://pta.bbaw.de/text/d911a26f/urn:cts:pta:pta0001.pta038.pta-grc1:g7
4036915-8,Q107013,https://pta.bbaw.de/text/d911a26f/urn:cts:pta:pta0001.pta038.pta-grc1:g8
4036915-8,Q107013,https://pta.bbaw.de/text/d911a26f/urn:cts:pta:pta0001.pta038.pta-grc1:g11
118576615,Q400019,https://pta.bbaw.de/text/d911a26f/urn:cts:pta:pta0001.pta038.pta-grc1:g9
118576615,Q400019,https://pta.bbaw.de/text/d911a26f/urn:cts:pta:pta0001.pta038.pta-grc1:g10
4278477-3,Q203507,https://pta.bbaw.de/text/d911a26f/urn:cts:pta:pta0001.pta040.pta-grc1:g8
4278477-3,Q203507,https://pta.bbaw.de/text/d911a26f/urn:cts:pta:pta0001.pta040.pta-grc1:g15
4278477-3,Q203507,https://pta.bbaw.de/text/d911a26f/urn:cts:pta:pta0001.pta042.pta-grc1:g12
4072478-5,Q5406,https://pta.bbaw.de/text/d911a26f/urn:cts:pta:pta0001.pta040.pta-grc1:g9
4072478-5,Q5406,https://pta.bbaw.de/text/d911a26f/urn:cts:pta:pta0001.pta042.pta-grc1:g13
